,accuracy,precision,recall,f1,kapppa,set,modelo
0,0.8828919002155836,0.8766250763458686,0.8605567451820129,0.8685165975103735,0.7629665277650399,test,Regresi贸n logistica
1,0.8805917000307977,0.8738395261173937,0.860987308459612,0.8673658103759768,0.7587957175288351,train,Regresi贸n logistica
0,0.8830843855866954,0.8759575208913649,0.8619271948608137,0.8688857229201744,0.7634064490111856,test,Regresi贸n logistica II
1,0.8801682322143517,0.8727393931574307,0.8613481047582665,0.8670063340489846,0.757974463286475,train,Regresi贸n logistica II
